{
  "ua": "",
  "homeUrl": "https://www.mp4er.cc",
  "decodeTk": "填上猫大解密接口的口令，注意保密",
  "cateManual": {
    "全部": "*",
    "电影": "0",
    "电视剧": "1"
  },
  "filter": {"*":[{"key":"s","name":"类型","value":[{"n":"全部","v":"all"},{"n":"动作","v":"dongzuo"},{"n":"爱情","v":"aiqing"},{"n":"喜剧","v":"xiju"},{"n":"科幻","v":"kehuan"},{"n":"恐怖","v":"kongbu"},{"n":"战争","v":"zhanzheng"},{"n":"武侠","v":"wuxia"},{"n":"魔幻","v":"mohuan"},{"n":"剧情","v":"juqing"},{"n":"动画","v":"donghua"},{"n":"惊悚","v":"jingsong"},{"n":"3D","v":"3D"},{"n":"灾难","v":"zainan"},{"n":"悬疑","v":"xuanyi"},{"n":"警匪","v":"jingfei"},{"n":"文艺","v":"wenyi"},{"n":"青春","v":"qingchun"},{"n":"冒险","v":"maoxian"},{"n":"犯罪","v":"fanzui"},{"n":"纪录","v":"jilu"},{"n":"古装","v":"guzhuang"},{"n":"奇幻","v":"qihuan"},{"n":"国语","v":"guoyu"},{"n":"综艺","v":"zongyi"},{"n":"历史","v":"lishi"},{"n":"运动","v":"yundong"},{"n":"原创压制","v":"yuanchuang"},{"n":"美剧","v":"meiju"},{"n":"韩剧","v":"hanju"},{"n":"国产电视剧","v":"guoju"},{"n":"日剧","v":"riju"},{"n":"英剧","v":"yingju"},{"n":"德剧","v":"deju"},{"n":"俄剧","v":"eju"},{"n":"巴剧","v":"baju"},{"n":"加剧","v":"jiaju"},{"n":"西剧","v":"anish"},{"n":"意大利剧","v":"yidaliju"},{"n":"泰剧","v":"taiju"},{"n":"港台剧","v":"gangtaiju"},{"n":"法剧","v":"faju"},{"n":"澳剧","v":"aoju"}]},{"key":"area","name":"地区","value":[{"n":"不限","v":""},{"n":"中国大陆","v":"中国大陆"},{"n":"中国香港","v":"中国香港"},{"n":"中国台湾","v":"中国台湾"},{"n":"美国","v":"美国"},{"n":"英国","v":"英国"},{"n":"日本","v":"日本"},{"n":"韩国","v":"韩国"},{"n":"法国","v":"法国"},{"n":"印度","v":"印度"},{"n":"德国","v":"德国"},{"n":"西班牙","v":"西班牙"},{"n":"意大利","v":"意大利"},{"n":"澳大利亚","v":"澳大利亚"},{"n":"比利时","v":"比利时"},{"n":"瑞典","v":"瑞典"},{"n":"荷兰","v":"荷兰"},{"n":"丹麦","v":"丹麦"},{"n":"加拿大","v":"加拿大"},{"n":"俄罗斯","v":"俄罗斯"}]},{"key":"year","name":"年份","value":[{"n":"全部","v":""},{"n":"2021","v":"2021"},{"n":"2020","v":"2020"},{"n":"2019","v":"2019"},{"n":"2018","v":"2018"},{"n":"2017","v":"2017"},{"n":"2016","v":"2016"},{"n":"2015","v":"2015"},{"n":"2014","v":"2014"},{"n":"2013","v":"2013"},{"n":"2012","v":"2012"},{"n":"2011","v":"2011"},{"n":"2010","v":"2010"},{"n":"2009","v":"2009"},{"n":"2008","v":"2008"},{"n":"2007","v":"2007"},{"n":"2006","v":"2006"},{"n":"2005","v":"2005"},{"n":"2004","v":"2004"},{"n":"2003","v":"2003"},{"n":"2002","v":"2002"},{"n":"2001","v":"2001"},{"n":"2000","v":"2000"}]},{"key":"order","name":"排序","value":[{"n":"更新时间","v":"0"},{"n":"豆瓣评分","v":"1"}]}],"0":[{"key":"s","name":"类型","value":[{"n":"全部","v":"all"},{"n":"动作","v":"dongzuo"},{"n":"爱情","v":"aiqing"},{"n":"喜剧","v":"xiju"},{"n":"科幻","v":"kehuan"},{"n":"恐怖","v":"kongbu"},{"n":"战争","v":"zhanzheng"},{"n":"武侠","v":"wuxia"},{"n":"魔幻","v":"mohuan"},{"n":"剧情","v":"juqing"},{"n":"动画","v":"donghua"},{"n":"惊悚","v":"jingsong"},{"n":"3D","v":"3D"},{"n":"灾难","v":"zainan"},{"n":"悬疑","v":"xuanyi"},{"n":"警匪","v":"jingfei"},{"n":"文艺","v":"wenyi"},{"n":"青春","v":"qingchun"},{"n":"冒险","v":"maoxian"},{"n":"犯罪","v":"fanzui"},{"n":"纪录","v":"jilu"},{"n":"古装","v":"guzhuang"},{"n":"奇幻","v":"qihuan"},{"n":"国语","v":"guoyu"},{"n":"综艺","v":"zongyi"},{"n":"历史","v":"lishi"},{"n":"运动","v":"yundong"},{"n":"原创压制","v":"yuanchuang"},{"n":"美剧","v":"meiju"},{"n":"韩剧","v":"hanju"},{"n":"国产电视剧","v":"guoju"},{"n":"日剧","v":"riju"},{"n":"英剧","v":"yingju"},{"n":"德剧","v":"deju"},{"n":"俄剧","v":"eju"},{"n":"巴剧","v":"baju"},{"n":"加剧","v":"jiaju"},{"n":"西剧","v":"anish"},{"n":"意大利剧","v":"yidaliju"},{"n":"泰剧","v":"taiju"},{"n":"港台剧","v":"gangtaiju"},{"n":"法剧","v":"faju"},{"n":"澳剧","v":"aoju"}]},{"key":"area","name":"地区","value":[{"n":"不限","v":""},{"n":"中国大陆","v":"中国大陆"},{"n":"中国香港","v":"中国香港"},{"n":"中国台湾","v":"中国台湾"},{"n":"美国","v":"美国"},{"n":"英国","v":"英国"},{"n":"日本","v":"日本"},{"n":"韩国","v":"韩国"},{"n":"法国","v":"法国"},{"n":"印度","v":"印度"},{"n":"德国","v":"德国"},{"n":"西班牙","v":"西班牙"},{"n":"意大利","v":"意大利"},{"n":"澳大利亚","v":"澳大利亚"},{"n":"比利时","v":"比利时"},{"n":"瑞典","v":"瑞典"},{"n":"荷兰","v":"荷兰"},{"n":"丹麦","v":"丹麦"},{"n":"加拿大","v":"加拿大"},{"n":"俄罗斯","v":"俄罗斯"}]},{"key":"year","name":"年份","value":[{"n":"全部","v":""},{"n":"2021","v":"2021"},{"n":"2020","v":"2020"},{"n":"2019","v":"2019"},{"n":"2018","v":"2018"},{"n":"2017","v":"2017"},{"n":"2016","v":"2016"},{"n":"2015","v":"2015"},{"n":"2014","v":"2014"},{"n":"2013","v":"2013"},{"n":"2012","v":"2012"},{"n":"2011","v":"2011"},{"n":"2010","v":"2010"},{"n":"2009","v":"2009"},{"n":"2008","v":"2008"},{"n":"2007","v":"2007"},{"n":"2006","v":"2006"},{"n":"2005","v":"2005"},{"n":"2004","v":"2004"},{"n":"2003","v":"2003"},{"n":"2002","v":"2002"},{"n":"2001","v":"2001"},{"n":"2000","v":"2000"}]},{"key":"order","name":"排序","value":[{"n":"更新时间","v":"0"},{"n":"豆瓣评分","v":"1"}]}],"1":[{"key":"s","name":"类型","value":[{"n":"全部","v":"all"},{"n":"动作","v":"dongzuo"},{"n":"爱情","v":"aiqing"},{"n":"喜剧","v":"xiju"},{"n":"科幻","v":"kehuan"},{"n":"恐怖","v":"kongbu"},{"n":"战争","v":"zhanzheng"},{"n":"武侠","v":"wuxia"},{"n":"魔幻","v":"mohuan"},{"n":"剧情","v":"juqing"},{"n":"动画","v":"donghua"},{"n":"惊悚","v":"jingsong"},{"n":"3D","v":"3D"},{"n":"灾难","v":"zainan"},{"n":"悬疑","v":"xuanyi"},{"n":"警匪","v":"jingfei"},{"n":"文艺","v":"wenyi"},{"n":"青春","v":"qingchun"},{"n":"冒险","v":"maoxian"},{"n":"犯罪","v":"fanzui"},{"n":"纪录","v":"jilu"},{"n":"古装","v":"guzhuang"},{"n":"奇幻","v":"qihuan"},{"n":"国语","v":"guoyu"},{"n":"综艺","v":"zongyi"},{"n":"历史","v":"lishi"},{"n":"运动","v":"yundong"},{"n":"原创压制","v":"yuanchuang"},{"n":"美剧","v":"meiju"},{"n":"韩剧","v":"hanju"},{"n":"国产电视剧","v":"guoju"},{"n":"日剧","v":"riju"},{"n":"英剧","v":"yingju"},{"n":"德剧","v":"deju"},{"n":"俄剧","v":"eju"},{"n":"巴剧","v":"baju"},{"n":"加剧","v":"jiaju"},{"n":"西剧","v":"anish"},{"n":"意大利剧","v":"yidaliju"},{"n":"泰剧","v":"taiju"},{"n":"港台剧","v":"gangtaiju"},{"n":"法剧","v":"faju"},{"n":"澳剧","v":"aoju"}]},{"key":"area","name":"地区","value":[{"n":"不限","v":""},{"n":"中国大陆","v":"中国大陆"},{"n":"中国香港","v":"中国香港"},{"n":"中国台湾","v":"中国台湾"},{"n":"美国","v":"美国"},{"n":"英国","v":"英国"},{"n":"日本","v":"日本"},{"n":"韩国","v":"韩国"},{"n":"法国","v":"法国"},{"n":"印度","v":"印度"},{"n":"德国","v":"德国"},{"n":"西班牙","v":"西班牙"},{"n":"意大利","v":"意大利"},{"n":"澳大利亚","v":"澳大利亚"},{"n":"比利时","v":"比利时"},{"n":"瑞典","v":"瑞典"},{"n":"荷兰","v":"荷兰"},{"n":"丹麦","v":"丹麦"},{"n":"加拿大","v":"加拿大"},{"n":"俄罗斯","v":"俄罗斯"}]},{"key":"year","name":"年份","value":[{"n":"全部","v":""},{"n":"2021","v":"2021"},{"n":"2020","v":"2020"},{"n":"2019","v":"2019"},{"n":"2018","v":"2018"},{"n":"2017","v":"2017"},{"n":"2016","v":"2016"},{"n":"2015","v":"2015"},{"n":"2014","v":"2014"},{"n":"2013","v":"2013"},{"n":"2012","v":"2012"},{"n":"2011","v":"2011"},{"n":"2010","v":"2010"},{"n":"2009","v":"2009"},{"n":"2008","v":"2008"},{"n":"2007","v":"2007"},{"n":"2006","v":"2006"},{"n":"2005","v":"2005"},{"n":"2004","v":"2004"},{"n":"2003","v":"2003"},{"n":"2002","v":"2002"},{"n":"2001","v":"2001"},{"n":"2000","v":"2000"}]},{"key":"order","name":"排序","value":[{"n":"更新时间","v":"0"},{"n":"豆瓣评分","v":"1"}]}]},
  "homeVodNode": "//div[contains(@class, 'pusher ui body')]//div[contains(@class,'ui seven')]/div[position() < 6]",
  "homeVodName": "/div[@class='content']/span/text()",
  "homeVodId": "/a[@class='image']/@href",
  "homeVodIdR": "/(\\S+).htm",
  "homeVodImg": "/a[@class='image']/img/@data-src",
  "homeVodImgR": "\\S+(http\\S+)",
  "homeVodMark": "concat(//span[@class='ep'],//span[@class='rate'])",
  "cateUrl": "https://www.mp4er.cc/s/{cateId}/{catePg}",
  "cateVodNode": "//div[contains(@class,'ui container')]/div[contains(@class,'ui eight doubling')]/div",
  "cateVodName": "/div[@class='content']/span/text()",
  "cateVodId": "/a[@class='image']/@href",
  "cateVodIdR": "/(\\S+).htm",
  "cateVodImg": "/a[@class='image']/img/@src",
  "cateVodImgR": "\\S+(http\\S+)",
  "cateVodMark": "concat(//span[@class='ep'],//span[@class='rate'])",
  "dtUrl": "https://www.mp4er.cc/{vid}.htm",
  "dtNode": "//div[contains(@class,'ui container movie-info')]",
  "dtName": "/h2/text()",
  "dtNameR": ".+《(\\S+)》.+",
  "dtImg": "//div[@class='info0']/img/@src",
  "dtImgR": "\\S+(http\\S+)",
  "dtCate": "//div[@class='info0']/ul/li/a[contains(@target,'new')]/text()",
  "dtArea": "//div[@class='info0']/ul/li/strong[contains(text(),'地区')]/parent::text()",
  "dtActor": "//div[@class='info0']/ul/li/a[contains(@href,'performer')]/following-sibling::*/text()",
  "dtDirector": "//div[@class='info0']/ul/li/a[contains(@href,'director')]/text()",
  "dtDesc": "substring-after(//div[@class='info0']//div[@class='summary']/html(), 'br>')",
  "dtFromNode": "//div[@class='info1']/h4/div",
  "dtFromName": "/text()",
  "dtUrlNode": "//div[@class='info1']",
  "dtUrlSubNode": "/a",
  "dtUrlId": "@href",
  "dtUrlIdR": "(\\S+).htm",
  "dtUrlName": "/text()",
  "playUrl": "https://www.mp4er.cc/{playUrl}.htm"
}