{
  "ua": "",
  "homeUrl": "https://www.dijiaxia.com/",
  "cateNode": "//ul[contains(@class,'nav-menu')]/li/a[contains(@href, 'vod')]",
  "cateName": "/text()",
  "cateId": "/@href",
  "cateIdR": "/index.php/vod/type/id/(\\w+).html",
  "cateManual": {},
  "homeVodNode": "//ul[contains(@class,'myui-vodlist')]/li/div/a",
  "homeVodName": "/@title",
  "homeVodId": "/@href",
  "homeVodIdR": "/voddetail/(\\w+).html",
  "homeVodImg": "/@data-original",
  "homeVodImgR": "\\S+(http\\S+)",
  "homeVodMark": "//span[contains(@class,'pic-text')]/text()",
  "cateUrl": "https://www.dijiaxia.com/index.php/vod/show/area/{area}/id/{cateId}/by/{by}/year/{year}/page/{catePg}.html",
  "cateVodNode": "//ul[contains(@class,'myui-vodlist')]/li/div/a",
  "cateVodName": "/@title",
  "cateVodId": "/@href",
  "cateVodIdR": "/index.php/vod/detail/id/(\\w+).html",
  "cateVodImg": "/@data-original",
  "cateVodImgR": "\\S+(http\\S+)",
  "cateVodMark": "//span[contains(@class,'pic-text')]/text()",
  "dtUrl": "https://www.dijiaxia.com/index.php/vod/detail/id/{vid}.html",
  "dtNode": "//body",
  "dtName": "//div[contains(@class,'myui-content__thumb')]/a/@title",
  "dtNameR": "",
  "dtImg": "//div[contains(@class,'myui-content__thumb')]/a/img/@data-original",
  "dtImgR": "",
  "dtCate": "//div[contains(@class,'myui-content__detail')]/p/span[contains(text(), '分类')]/following-sibling::a/text()",
  "dtYear": "//div[contains(@class,'myui-content__detail')]/p/span[contains(text(), '年份')]/following-sibling::a/text()",
  "dtArea": "//div[contains(@class,'myui-content__detail')]/p/span[contains(text(), '地区')]/following-sibling::a/text()",
  "dtMark": "//div[contains(@class,'myui-content__detail')]/p/span[contains(text(), '更新')]/following-sibling::a/text()",
  "dtDirector": "//div[contains(@class,'myui-content__detail')]/p/span[contains(text(), '导演')]/following-sibling::a/text()",
  "dtActor": "//div[contains(@class,'myui-content__detail')]/p/span[contains(text(), '主演')]/following-sibling::a/text()",
  "dtDesc": "//div[contains(@class,'myui-content__detail')]/p/span[contains(text(), '简介')]/parent::*/text()[2]",
  "dtFromNode": "//ul[contains(@class,'nav-tabs')]/li/a",
  "dtFromName": "/text()",
  "dtFromNameR": "",
  "dtUrlNode": "//ul[contains(@class,'myui-content__list')]",
  "dtUrlSubNode": "/li/a",
  "dtUrlId": "/@href",
  "dtUrlIdR": "/index.php/vod/play/id/(\\S+).html",
  "dtUrlName": "/text()",
  "dtUrlNameR": "",
  "playUrl": "https://www.dijiaxia.com/index.php/vod/play/id/{playUrl}.html",
  "playUa": "",
  "searchUrl": "https://www.dijiaxia.com/index.php/ajax/suggest?mid=1&wd={wd}&limit=10",
  "scVodNode": "json:list",
  "scVodName": "name",
  "scVodId": "id",
  "scVodIdR": "",
  "scVodImg": "pic",
  "scVodMark": "",
  "filter": {
    "1": [
      {
        "key": "cateId",
        "name": "類型",
        "value": [
          {"n": "全部","v": ""},
          {"n": "4K专区","v": "43"},
          {"n": "动作片","v": "6"},
          {"n": "喜剧片","v": "7"},
          {"n": "爱情片","v": "8"},
          {"n": "科幻片","v": "9"},
          {"n": "恐怖片","v": "10"},
          {"n": "剧情片","v": "11"},
          {"n": "战争片","v": "12"},
          {"n": "犯罪片","v": "24"},
          {"n": "战争片","v": "25"},
          {"n": "悬疑片","v": "26"}
        ]
      },
      {
        "key": "area",
        "name": "地区",
        "value": [
          {"n": "全部","v": ""},
          {"n": "大陆","v": "大陆"},
          {"n": "香港","v": "香港"},
          {"n": "台湾","v": "台湾"},
          {"n": "美国","v": "美国"},
          {"n": "法国","v": "法国"},
          {"n": "英国","v": "英国"},
          {"n": "日本","v": "日本"},
          {"n": "韩国","v": "韩国"}
        ]
      },
      {
        "key": "year",
        "name": "年份",
        "value": [
          {"n": "全部","v": ""},
          {"n": "2021","v": "2021"},
          {"n": "2020","v": "2020"},
          {"n": "2019","v": "2019"},
          {"n": "2018","v": "2018"},
          {"n": "2017","v": "2017"},
          {"n": "2016","v": "2016"},
          {"n": "2015","v": "2015"},
          {"n": "2014","v": "2014"},
          {"n": "2013","v": "2013"},
          {"n": "2012","v": "2012"}
        ]
      },
      {
        "key": "by",
        "name": "排序",
        "value": [
          {"n": "時間","v": "time"},
          {"n": "人氣","v": "hits"},
          {"n": "評分","v": "score"}
        ]
      }
    ],
    "2": [
      {
        "key": "cateId",
        "name": "類型",
        "value": [
          {"n": "全部","v": ""},
          {"n": "国产剧","v": "13"},
          {"n": "高评分独家资源","v": "42"},
          {"n": "港台剧","v": "14"},
          {"n": "日韩剧","v": "15"},
          {"n": "欧美剧","v": "16"},
          {"n": "泰国剧","v": "31"}
        ]
      },
      {
        "key": "area",
        "name": "地区",
        "value": [
          {"n": "全部","v": ""},
          {"n": "内地","v": "内地"},
          {"n": "香港","v": "香港"},
          {"n": "台湾","v": "台湾"},
          {"n": "美国","v": "美国"},
          {"n": "法国","v": "法国"},
          {"n": "英国","v": "英国"},
          {"n": "日本","v": "日本"},
          {"n": "韩国","v": "韩国"}
        ]
      },
      {
        "key": "year",
        "name": "年份",
        "value": [
          {"n": "全部","v": ""},
          {"n": "2021","v": "2021"},
          {"n": "2020","v": "2020"},
          {"n": "2019","v": "2019"},
          {"n": "2018","v": "2018"},
          {"n": "2017","v": "2017"},
          {"n": "2016","v": "2016"},
          {"n": "2015","v": "2015"},
          {"n": "2014","v": "2014"},
          {"n": "2013","v": "2013"},
          {"n": "2012","v": "2012"}
        ]
      },
      {
        "key": "by",
        "name": "排序",
        "value": [
          {"n": "時間","v": "time"},
          {"n": "人氣","v": "hits"},
          {"n": "評分","v": "score"}
        ]
      }
    ],
    "3": [
      {
        "key": "cateId",
        "name": "類型",
        "value": [
          {"n": "全部","v": ""},
          {"n": "国内综艺","v": "33"},
          {"n": "国外综艺","v": "34"}
        ]
      },
      {
        "key": "area",
        "name": "地区",
        "value": [
          {"n": "全部","v": ""},
          {"n": "内地","v": "内地"},
          {"n": "港台","v": "港台"},
          {"n": "日韩","v": "日韩"},
          {"n": "欧美","v": "欧美"}
        ]
      },
      {
        "key": "year",
        "name": "年份",
        "value": [
          {"n": "全部","v": ""},
          {"n": "2021","v": "2021"},
          {"n": "2020","v": "2020"},
          {"n": "2019","v": "2019"},
          {"n": "2018","v": "2018"},
          {"n": "2017","v": "2017"},
          {"n": "2016","v": "2016"},
          {"n": "2015","v": "2015"},
          {"n": "2014","v": "2014"},
          {"n": "2013","v": "2013"},
          {"n": "2012","v": "2012"}
        ]
      },
      {
        "key": "by",
        "name": "排序",
        "value": [
          {"n": "時間","v": "time"},
          {"n": "人氣","v": "hits"},
          {"n": "評分","v": "score"}
        ]
      }
    ],
    "4": [
      {
        "key": "cateId",
        "name": "類型",
        "value": [
          {"n": "全部","v": ""},
          {"n": "国产动漫","v": "35"},
          {"n": "日韩动漫","v": "38"},
          {"n": "欧美动漫","v": "37"},
          {"n": "其他动漫","v": "39"}
        ]
      },
      {
        "key": "area",
        "name": "地区",
        "value": [
          {"n": "全部","v": ""},
          {"n": "国产","v": "国产"},
          {"n": "日本","v": "日本"},
          {"n": "欧美","v": "欧美"},
          {"n": "其他","v": "其他"}
        ]
      },
      {
        "key": "year",
        "name": "年份",
        "value": [
          {"n": "全部","v": ""},
          {"n": "2021","v": "2021"},
          {"n": "2020","v": "2020"},
          {"n": "2019","v": "2019"},
          {"n": "2018","v": "2018"},
          {"n": "2017","v": "2017"},
          {"n": "2016","v": "2016"},
          {"n": "2015","v": "2015"},
          {"n": "2014","v": "2014"},
          {"n": "2013","v": "2013"},
          {"n": "2012","v": "2012"}
        ]
      },
      {
        "key": "by",
        "name": "排序",
        "value": [
          {"n": "時間","v": "time"},
          {"n": "人氣","v": "hits"},
          {"n": "評分","v": "score"}
        ]
      }
    ],
    "20": [
      {
        "key": "cateId",
        "name": "類型",
        "value": [
          {"n": "全部","v": ""},
          {"n": "国漫","v": "22"},
          {"n": "番剧","v": "23"}
        ]
      },
      {
        "key": "year",
        "name": "年份",
        "value": [
          {"n": "全部","v": ""},
          {"n": "2021","v": "2021"},
          {"n": "2020","v": "2020"},
          {"n": "2019","v": "2019"},
          {"n": "2018","v": "2018"},
          {"n": "2017","v": "2017"},
          {"n": "2016","v": "2016"},
          {"n": "2015","v": "2015"},
          {"n": "2014","v": "2014"},
          {"n": "2013","v": "2013"},
          {"n": "2012","v": "2012"}
        ]
      },
      {
        "key": "by",
        "name": "排序",
        "value": [
          {"n": "時間","v": "time"},
          {"n": "人氣","v": "hits"},
          {"n": "評分","v": "score"}
        ]
      }
    ],
    "44": [
      {
        "key": "year",
        "name": "年份",
        "value": [
          {"n": "全部","v": ""},
          {"n": "2021","v": "2021"},
          {"n": "2020","v": "2020"},
          {"n": "2019","v": "2019"},
          {"n": "2018","v": "2018"},
          {"n": "2017","v": "2017"},
          {"n": "2016","v": "2016"},
          {"n": "2015","v": "2015"},
          {"n": "2014","v": "2014"},
          {"n": "2013","v": "2013"},
          {"n": "2012","v": "2012"}
        ]
      },
      {
        "key": "by",
        "name": "排序",
        "value": [
          {"n": "時間","v": "time"},
          {"n": "人氣","v": "hits"},
          {"n": "評分","v": "score"}
        ]
      }
    ]
  }
}
